<?xml version="1.0" encoding="UTF-8"?>
<project version="4">
  <component name="AutoImportSettings">
    <option name="autoReloadType" value="SELECTIVE" />
  </component>
  <component name="ChangeListManager">
    <list default="true" id="45d0db03-55ca-4d3d-bf98-1f8782a9d0ec" name="Changes" comment="">
      <change afterPath="$PROJECT_DIR$/.idea/inspectionProfiles/profiles_settings.xml" afterDir="false" />
      <change afterPath="$PROJECT_DIR$/.idea/misc.xml" afterDir="false" />
      <change afterPath="$PROJECT_DIR$/.idea/modules.xml" afterDir="false" />
      <change afterPath="$PROJECT_DIR$/.idea/pythonProject5.iml" afterDir="false" />
      <change afterPath="$PROJECT_DIR$/.idea/vcs.xml" afterDir="false" />
      <change afterPath="$PROJECT_DIR$/.idea/workspace.xml" afterDir="false" />
      <change afterPath="$PROJECT_DIR$/wepon detection.py" afterDir="false" />
    </list>
    <option name="SHOW_DIALOG" value="false" />
    <option name="HIGHLIGHT_CONFLICTS" value="true" />
    <option name="HIGHLIGHT_NON_ACTIVE_CHANGELIST" value="false" />
    <option name="LAST_RESOLUTION" value="IGNORE" />
  </component>
  <component name="Git.Settings">
    <option name="RECENT_GIT_ROOT_PATH" value="$PROJECT_DIR$" />
  </component>
  <component name="ProjectColorInfo"><![CDATA[{
  "associatedIndex": 0
}]]></component>
  <component name="ProjectId" id="2soj2rOkpI1wKpPMYuqsBohoYW6" />
  <component name="ProjectLevelVcsManager" settingsEditedManually="true" />
  <component name="ProjectViewState">
    <option name="hideEmptyMiddlePackages" value="true" />
    <option name="showLibraryContents" value="true" />
  </component>
  <component name="PropertiesComponent"><![CDATA[{
  "keyToString": {
    "Python.wepon detection.executor": "Run",
    "RunOnceActivity.ShowReadmeOnStart": "true",
    "git-widget-placeholder": "master"
  }
}]]></component>
  <component name="RunManager">
    <configuration name="wepon detection" type="PythonConfigurationType" factoryName="Python" nameIsGenerated="true">
      <module name="pythonProject5" />
      <option name="ENV_FILES" value="" />
      <option name="INTERPRETER_OPTIONS" value="" />
      <option name="PARENT_ENVS" value="true" />
      <envs>
        <env name="PYTHONUNBUFFERED" value="1" />
      </envs>
      <option name="SDK_HOME" value="" />
      <option name="WORKING_DIRECTORY" value="$PROJECT_DIR$" />
      <option name="IS_MODULE_SDK" value="true" />
      <option name="ADD_CONTENT_ROOTS" value="true" />
      <option name="ADD_SOURCE_ROOTS" value="true" />
      <option name="SCRIPT_NAME" value="E:\PYCHARM\pythonProject5\wepon detection.py" />
      <option name="PARAMETERS" value="" />
      <option name="SHOW_COMMAND_LINE" value="false" />
      <option name="EMULATE_TERMINAL" value="false" />
      <option name="MODULE_MODE" value="false" />
      <option name="REDIRECT_INPUT" value="false" />
      <option name="INPUT_FILE" value="" />
      <method v="2" />
    </configuration>
  </component>
  <component name="SharedIndexes">
    <attachedChunks>
      <set>
        <option value="bundled-python-sdk-d7ad00fb9fc3-c546a90a8094-com.jetbrains.pycharm.community.sharedIndexes.bundled-PC-242.23726.102" />
      </set>
    </attachedChunks>
  </component>
  <component name="SpellCheckerSettings" RuntimeDictionaries="0" Folders="0" CustomDictionaries="0" DefaultDictionary="application-level" UseSingleDictionary="true" transferred="true" />
  <component name="TaskManager">
    <task active="true" id="Default" summary="Default task">
      <changelist id="45d0db03-55ca-4d3d-bf98-1f8782a9d0ec" name="Changes" comment="" />
      <created>1739128617184</created>
      <option name="number" value="Default" />
      <option name="presentableId" value="Default" />
      <updated>1739128617184</updated>
    </task>
    <servers />
  </component>
  <component name="XDebuggerManager">
    <breakpoint-manager>
      <breakpoints>
        <line-breakpoint enabled="true" suspend="THREAD" type="python-line">
          <url>file://$PROJECT_DIR$/wepon detection.py</url>
          <line>8</line>
          <option name="timeStamp" value="1" />
        </line-breakpoint>
      </breakpoints>
    </breakpoint-manager>
  </component>
</project>